{
  "model_type": "xgboost_classifier",
  "version": "1.0.0",
  "trained_at": "2026-06-13T03:06:30.078725+00:00",
  "n_samples": 50000,
  "n_features": 17,
  "feature_columns": [
    "registered_voters",
    "accredited_voters",
    "turnout_rate",
    "total_valid_votes",
    "rejected_votes",
    "party_a_votes",
    "party_b_votes",
    "party_a_share",
    "party_b_share",
    "vote_margin",
    "benford_deviation",
    "submission_delay_hours",
    "regional_mean_turnout",
    "turnout_vs_region",
    "rejected_rate",
    "overvoting_flag",
    "round_number_flag"
  ],
  "metrics": {
    "roc_auc": 1.0,
    "average_precision": 1.0,
    "cv_roc_auc_mean": 0.9999985684210527,
    "cv_roc_auc_std": 1.1092159892112703e-06,
    "precision_anomaly": 0.9959266802443992,
    "recall_anomaly": 1.0,
    "f1_anomaly": 0.9979591836734694
  },
  "feature_importance": {
    "turnout_vs_region": 0.39787545800209045,
    "turnout_rate": 0.16693903505802155,
    "overvoting_flag": 0.1539279669523239,
    "rejected_votes": 0.06126338616013527,
    "rejected_rate": 0.0543050579726696,
    "submission_delay_hours": 0.049310386180877686,
    "benford_deviation": 0.03594205528497696,
    "party_b_share": 0.023223435506224632,
    "party_a_votes": 0.014292953535914421,
    "party_a_share": 0.009407471865415573,
    "vote_margin": 0.0074761430732905865,
    "party_b_votes": 0.006661814637482166,
    "round_number_flag": 0.0065688458271324635,
    "regional_mean_turnout": 0.005506191402673721,
    "total_valid_votes": 0.00485569890588522,
    "accredited_voters": 0.0016201474936679006,
    "registered_voters": 0.0008240488241426647
  },
  "hyperparameters": {
    "n_estimators": 300,
    "max_depth": 6,
    "learning_rate": 0.05,
    "subsample": 0.8,
    "colsample_bytree": 0.8
  },
  "cpu_inference": true,
  "inference_latency_ms": "<10ms per sample on CPU"
}